{"cameraMode":{"drawMode":0,"name":"Shaded","section":"Shading Mode"},"sceneLighting":false,"audioPlay":false,"sceneViewState":{"m_AlwaysRefresh":false,"showFog":true,"showSkybox":true,"showFlares":true,"showImageEffects":true,"showParticleSystems":true,"showVisualEffectGraphs":true,"m_FxEnabled":true},"in2DMode":false,"pivot":{"x":73.84228515625,"y":37.5566520690918,"z":-204.6791534423828},"rotation":{"x":-0.007499982602894306,"y":0.0074998256750404839,"z":0.00005409130244515836,"w":0.999957799911499},"size":13.784723281860352,"orthographic":false}