{"cameraMode":{"drawMode":0,"name":"Shaded","section":"Shading Mode"},"sceneLighting":false,"audioPlay":false,"sceneViewState":{"m_AlwaysRefresh":false,"showFog":true,"showSkybox":true,"showFlares":true,"showImageEffects":true,"showParticleSystems":true,"showVisualEffectGraphs":true,"m_FxEnabled":true},"in2DMode":false,"pivot":{"x":59.473289489746097,"y":119.53707885742188,"z":510.6066589355469},"rotation":{"x":-0.0035925423726439478,"y":0.9901644587516785,"z":-0.13751696050167085,"w":-0.025849122554063798},"size":3.5146102905273439,"orthographic":false}