{"cameraMode":{"drawMode":0,"name":"Shaded","section":"Shading Mode"},"sceneLighting":false,"audioPlay":false,"sceneViewState":{"m_AlwaysRefresh":false,"showFog":true,"showSkybox":true,"showFlares":true,"showImageEffects":true,"showParticleSystems":true,"showVisualEffectGraphs":true,"m_FxEnabled":true},"in2DMode":false,"pivot":{"x":71.20146179199219,"y":36.579925537109378,"z":-193.03521728515626},"rotation":{"x":-0.044385649263858798,"y":-0.0009080612799152732,"z":0.000018765311324386857,"w":-0.9990388751029968},"size":18.94389533996582,"orthographic":false}