{"cameraMode":{"drawMode":0,"name":"Shaded","section":"Shading Mode"},"sceneLighting":false,"audioPlay":false,"sceneViewState":{"m_AlwaysRefresh":false,"showFog":true,"showSkybox":false,"showFlares":true,"showImageEffects":true,"showParticleSystems":true,"showVisualEffectGraphs":true,"m_FxEnabled":true},"in2DMode":false,"pivot":{"x":50.051910400390628,"y":46.38761520385742,"z":50.096229553222659},"rotation":{"x":-0.0006010822835378349,"y":0.006000571884214878,"z":0.000003838854354398791,"w":0.9999946355819702},"size":86.44718933105469,"orthographic":false}