{"cameraMode":{"drawMode":0,"name":"Shaded","section":"Shading Mode"},"sceneLighting":false,"audioPlay":false,"sceneViewState":{"m_AlwaysRefresh":false,"showFog":true,"showSkybox":false,"showFlares":true,"showImageEffects":true,"showParticleSystems":true,"showVisualEffectGraphs":true,"m_FxEnabled":true},"in2DMode":false,"pivot":{"x":40.508522033691409,"y":4.321140766143799,"z":-12.670889854431153},"rotation":{"x":-0.18457359075546266,"y":-0.08244630694389343,"z":0.015537145547568798,"w":-0.9792545437812805},"size":23.95322036743164,"orthographic":false}