{"cameraMode":{"drawMode":0,"name":"Shaded","section":"Shading Mode"},"sceneLighting":false,"audioPlay":false,"sceneViewState":{"m_AlwaysRefresh":false,"showFog":true,"showSkybox":false,"showFlares":true,"showImageEffects":true,"showParticleSystems":true,"showVisualEffectGraphs":true,"m_FxEnabled":true},"in2DMode":false,"pivot":{"x":53.31999969482422,"y":86.75133514404297,"z":96.97864532470703},"rotation":{"x":-0.0006010822835378349,"y":0.006000571884214878,"z":0.000003838854354398791,"w":0.9999946355819702},"size":74.19268035888672,"orthographic":false}